{
  "pools": [
    {
      "rolls": 1,
      "entries": [
        {
          "type": "item",
          "name": "minecraft:elytra",
          "weight": 1,
          "functions": [
            {
              "function": "set_count",
              "count": 1
            },
            {
              "function": "looting_enchant",
              "count": 1
            }
          ]
        }
      ]
    },
    {
      "rolls": 1,
      "entries": [
        {
          "type": "item",
          "name": "minecraft:skull",
          "weight": 1,
          "functions": [
            {
              "function": "set_count",
              "count": 1
            },
            {
              "function": "set_data",
              "data": 5
            },
            {
              "function": "looting_enchant",
              "count": {
                "min": 1,
                "max": 2
              }
            }
          ]
        }
      ]
    },
    {
			"rolls": 1,
			"entries": [
				{
					"type": "item",
					"name": "minecraft:dragon_egg",
					"weight": 1,
					"functions": [
						{
							"function": "set_count",
							"count": 1
						},
						{
							"function": "looting_enchant",
							"count": 1
						}
					]
				},
        {
          "type": "empty",
          "weight": 9
        }
			]
		}
  ]
}